,Model,Training Accuracy %,Testing Accuracy %
0,GCN,0.8734995383194829,0.8597785977859779
