,Model,Training Accuracy %,Testing Accuracy %,Accuracy Score,F1_Score_Macro,F1_Score_Weighted
0,Neural Network,0.9995383194829178,0.5904059040590406,0.5904059040590406,0.6650898135071934,0.6927541787265761
1,Decision Tree,1.0,0.6291512915129152,0.6291512915129152,0.600816326983911,0.6294170172198316
2,KNN,1.0,0.42435424354243545,0.42435424354243545,0.4164317714031032,0.42012705171139964
