,Model,Training Accuracy %,Testing Accuracy %
0,Neural Network,1.0,0.7140221402214022
1,Decision Tree,1.0,0.6383763837638377
2,Logistic Regression,0.9884579870729455,0.7472324723247232
3,KNN,0.6269621421975993,0.5092250922509225
4,Ensemble,1.0,0.7140221402214022
